{
  "interval": "1h",
  "seq_len": 60,
  "metrics": {
    "High": {
      "MAE": 25.378690719604492,
      "RMSE": 37.33135581455789,
      "R2": 0.993841826915741,
      "MAPE": 0.7329487204551697
    },
    "Low": {
      "MAE": 28.504497528076172,
      "RMSE": 42.98787074571152,
      "R2": 0.9917290210723877,
      "MAPE": 0.8328595161437988
    },
    "Close": {
      "MAE": 29.558029174804688,
      "RMSE": 43.82210436588694,
      "R2": 0.9914498925209045,
      "MAPE": 0.8597582578659058
    }
  }
}