{
  "interval": "1h",
  "seq_len": 60,
  "metrics": {
    "High": {
      "MAE": 28.932628631591797,
      "RMSE": 42.48812018017875,
      "R2": 0.9922590255737305,
      "MAPE": 0.829958438873291
    },
    "Low": {
      "MAE": 33.318233489990234,
      "RMSE": 47.82744098661484,
      "R2": 0.9900741577148438,
      "MAPE": 0.965313732624054
    },
    "Close": {
      "MAE": 34.11832809448242,
      "RMSE": 48.836051856569036,
      "R2": 0.9897013902664185,
      "MAPE": 0.9829941391944885
    }
  }
}