{
  "interval": "1h",
  "seq_len": 60,
  "metrics": {
    "High": {
      "MAE": 27.473894119262695,
      "RMSE": 40.36274122140678,
      "R2": 0.9929905533790588,
      "MAPE": 0.7925041913986206
    },
    "Low": {
      "MAE": 30.79081153869629,
      "RMSE": 46.09074142723786,
      "R2": 0.9907486438751221,
      "MAPE": 0.898742139339447
    },
    "Close": {
      "MAE": 31.763992309570312,
      "RMSE": 46.80970713047268,
      "R2": 0.9905056357383728,
      "MAPE": 0.9218694567680359
    }
  }
}