{
  "interval": "1h",
  "seq_len": 60,
  "metrics": {
    "High": {
      "MAE": 25.83523178100586,
      "RMSE": 37.82135259233946,
      "R2": 0.9939612746238708,
      "MAPE": 0.7441620826721191
    },
    "Low": {
      "MAE": 28.93857765197754,
      "RMSE": 43.809022686542555,
      "R2": 0.9918083548545837,
      "MAPE": 0.8430069088935852
    },
    "Close": {
      "MAE": 30.073118209838867,
      "RMSE": 44.513195353140794,
      "R2": 0.9915810823440552,
      "MAPE": 0.8722447156906128
    }
  }
}